{
  "epoch": [
    1,
    2,
    3,
    4,
    5,
    6,
    7,
    8,
    9,
    10,
    11,
    12,
    13,
    14,
    15,
    16
  ],
  "train_loss": [
    1.5345724281311035,
    1.0334264527320862,
    0.8055360558509826,
    0.6750909235000611,
    0.6079263436317444,
    0.5159176508903504,
    0.45219553995132444,
    0.4298928466320038,
    0.4140231773376465,
    0.38939398670196534,
    0.36515638809204104,
    0.3528842540740967,
    0.3618114483833313,
    0.32511708354949953,
    0.3302224220275879,
    0.31817832460403445
  ],
  "train_acc": [
    0.3952,
    0.6896,
    0.7584,
    0.8416,
    0.8592,
    0.9072,
    0.9296,
    0.9392,
    0.9376,
    0.9552,
    0.9648,
    0.9712,
    0.9632,
    0.9792,
    0.9808,
    0.9872
  ],
  "val_loss": [
    2.047153207762488,
    1.6349444759303127,
    1.6250280100723793,
    1.7119095366576622,
    1.583125221318212,
    1.4492941642629689,
    1.5509685812325313,
    1.5207807894410759,
    1.5430786198583142,
    1.4194929435335357,
    1.4303703678065334,
    1.420026503760239,
    1.3701522432524582,
    1.3819928477550376,
    1.4035374542762493,
    1.4029951321667637
  ],
  "val_acc": [
    0.35344827586206895,
    0.44396551724137934,
    0.4870689655172414,
    0.47413793103448276,
    0.4353448275862069,
    0.5344827586206896,
    0.5172413793103449,
    0.5086206896551724,
    0.5086206896551724,
    0.5301724137931034,
    0.5560344827586207,
    0.5474137931034483,
    0.5603448275862069,
    0.5603448275862069,
    0.5560344827586207,
    0.5689655172413793
  ],
  "lr": [
    0.0003,
    0.00029711779206048454,
    0.000288581929876693,
    0.0002747204418453818,
    0.0002560660171779821,
    0.00023333553495294033,
    0.00020740251485476348,
    0.00017926354830241926,
    0.00015,
    0.00012073645169758076,
    9.259748514523655e-05,
    6.666446504705971e-05,
    4.393398282201788e-05,
    2.52795581546182e-05,
    1.141807012330699e-05,
    2.882207939515436e-06
  ],
  "epoch_time": [
    29.380226373672485,
    35.789878845214844,
    30.259691953659058,
    28.82310438156128,
    29.88633704185486,
    28.52064871788025,
    29.80823540687561,
    29.009948253631592,
    29.84921956062317,
    29.793596982955933,
    29.49424123764038,
    28.946648120880127,
    27.969136238098145,
    28.591942310333252,
    30.11646318435669,
    31.729848623275757
  ]
}