{
  "epoch": [
    1,
    2,
    3,
    4,
    5,
    6,
    7,
    8,
    9,
    10,
    11
  ],
  "train_loss": [
    1.4416609827041627,
    0.9855268079757691,
    0.7896199394226074,
    0.6762192331314086,
    0.571358010339737,
    0.47329701976776123,
    0.43709373455047607,
    0.4315622362613678,
    0.37404139122962954,
    0.3686557918548584,
    0.34067032866477964
  ],
  "train_acc": [
    0.4576,
    0.6784,
    0.7696,
    0.8288,
    0.8768,
    0.9216,
    0.9472,
    0.9472,
    0.968,
    0.96,
    0.9712
  ],
  "val_loss": [
    1.8888848773364364,
    1.4758002100319698,
    1.383172382568491,
    1.6199597860204762,
    1.5202693856995682,
    1.2753608350096077,
    1.5230442861030842,
    1.4041459190434422,
    1.3426826986773261,
    1.3509267815228165,
    1.4031575301597858
  ],
  "val_acc": [
    0.4051724137931034,
    0.47844827586206895,
    0.521551724137931,
    0.4396551724137931,
    0.49137931034482757,
    0.5560344827586207,
    0.5517241379310345,
    0.4956896551724138,
    0.521551724137931,
    0.5517241379310345,
    0.5129310344827587
  ],
  "lr": [
    0.0003,
    0.00029711779206048454,
    0.000288581929876693,
    0.0002747204418453818,
    0.0002560660171779821,
    0.00023333553495294033,
    0.00020740251485476348,
    0.00017926354830241926,
    0.00015,
    0.00012073645169758076,
    9.259748514523655e-05
  ],
  "epoch_time": [
    35.101720571517944,
    34.54963779449463,
    31.648658990859985,
    32.23698353767395,
    31.657978296279907,
    30.92463994026184,
    29.328200101852417,
    30.056504249572754,
    29.828083515167236,
    30.923762321472168,
    32.831594705581665
  ]
}