{
  "epoch": [
    1,
    2,
    3,
    4,
    5,
    6,
    7,
    8,
    9,
    10,
    11,
    12,
    13,
    14,
    15,
    16
  ],
  "train_loss": [
    1.4879190065422836,
    0.9954333997908092,
    0.8029273067201886,
    0.6935391437439692,
    0.5909712196612845,
    0.5160995329318403,
    0.4459432262141688,
    0.45221637511739926,
    0.3904572239538439,
    0.3717917075773486,
    0.3405359251564052,
    0.34012237389882405,
    0.3361799390948549,
    0.3228463797747683,
    0.3287660876098944,
    0.32743134595909895
  ],
  "train_acc": [
    0.4380952380952381,
    0.6775510204081633,
    0.7687074829931972,
    0.8217687074829932,
    0.8639455782312925,
    0.8993197278911564,
    0.9306122448979591,
    0.9333333333333333,
    0.9578231292517007,
    0.9619047619047619,
    0.9727891156462585,
    0.9755102040816327,
    0.9727891156462585,
    0.9795918367346939,
    0.9823129251700681,
    0.9782312925170068
  ],
  "val_loss": [
    2.0018830381590744,
    1.8457486136206265,
    1.4739928985464161,
    1.4019842435573708,
    1.5851360107290333,
    1.5319019884898746,
    1.4907301952098977,
    1.5759866648706897,
    1.5115347977342277,
    1.444506258800112,
    1.433762671618626,
    1.420777493509753,
    1.3890352393018788,
    1.4065239881647045,
    1.4233430151281685,
    1.4084034212704362
  ],
  "val_acc": [
    0.40948275862068967,
    0.39655172413793105,
    0.5043103448275862,
    0.5086206896551724,
    0.47413793103448276,
    0.46120689655172414,
    0.5258620689655172,
    0.5258620689655172,
    0.5344827586206896,
    0.5431034482758621,
    0.5387931034482759,
    0.5387931034482759,
    0.5603448275862069,
    0.5517241379310345,
    0.5431034482758621,
    0.5517241379310345
  ],
  "lr": [
    0.0003,
    0.00029711779206048454,
    0.000288581929876693,
    0.0002747204418453818,
    0.0002560660171779821,
    0.00023333553495294033,
    0.00020740251485476348,
    0.00017926354830241926,
    0.00015,
    0.00012073645169758076,
    9.259748514523655e-05,
    6.666446504705971e-05,
    4.393398282201788e-05,
    2.52795581546182e-05,
    1.141807012330699e-05,
    2.882207939515436e-06
  ],
  "epoch_time": [
    30.883251905441284,
    30.550330638885498,
    30.74686288833618,
    30.28879952430725,
    29.86060094833374,
    30.107604503631592,
    30.263657093048096,
    30.37323546409607,
    29.889882564544678,
    30.06428813934326,
    29.966856479644775,
    30.3716402053833,
    30.672641277313232,
    37.241106271743774,
    31.05025339126587,
    30.03795862197876
  ]
}