{
  "test_accuracy": 0.5064377682403434,
  "precision_macro": 0.5466890353904084,
  "recall_macro": 0.495528385366413,
  "f1_macro": 0.5049727372356086,
  "precision_weighted": 0.5481204917188163,
  "recall_weighted": 0.5064377682403434,
  "f1_weighted": 0.5121104377887988,
  "n_test": 233,
  "n_classes": 6,
  "split_by": "location",
  "class_names": [
    "bobcat",
    "coyote",
    "deer",
    "opossum",
    "rabbit",
    "raccoon"
  ],
  "per_class": {
    "bobcat": {
      "precision": 0.3194444444444444,
      "recall": 0.5609756097560976,
      "f1-score": 0.40707964601769914,
      "support": 41.0
    },
    "coyote": {
      "precision": 0.3333333333333333,
      "recall": 0.3157894736842105,
      "f1-score": 0.32432432432432434,
      "support": 38.0
    },
    "deer": {
      "precision": 0.6578947368421053,
      "recall": 0.6944444444444444,
      "f1-score": 0.6756756756756757,
      "support": 36.0
    },
    "opossum": {
      "precision": 0.75,
      "recall": 0.4411764705882353,
      "f1-score": 0.5555555555555556,
      "support": 34.0
    },
    "rabbit": {
      "precision": 0.6956521739130435,
      "recall": 0.6274509803921569,
      "f1-score": 0.6597938144329897,
      "support": 51.0
    },
    "raccoon": {
      "precision": 0.5238095238095238,
      "recall": 0.3333333333333333,
      "f1-score": 0.4074074074074074,
      "support": 33.0
    },
    "accuracy": 0.5064377682403434,
    "macro avg": {
      "precision": 0.5466890353904084,
      "recall": 0.495528385366413,
      "f1-score": 0.5049727372356086,
      "support": 233.0
    },
    "weighted avg": {
      "precision": 0.5481204917188163,
      "recall": 0.5064377682403434,
      "f1-score": 0.5121104377887988,
      "support": 233.0
    }
  }
}