{
  "test_accuracy": 0.7466666666666667,
  "precision_macro": 0.7537117131498959,
  "recall_macro": 0.7466666666666667,
  "f1_macro": 0.7481135862395233,
  "precision_weighted": 0.7537117131498958,
  "recall_weighted": 0.7466666666666667,
  "f1_weighted": 0.7481135862395233,
  "n_test": 450,
  "n_classes": 6,
  "class_names": [
    "bird",
    "cat",
    "deer",
    "dog",
    "frog",
    "horse"
  ],
  "per_class": {
    "bird": {
      "precision": 0.8095238095238095,
      "recall": 0.68,
      "f1-score": 0.7391304347826086,
      "support": 75.0
    },
    "cat": {
      "precision": 0.5888888888888889,
      "recall": 0.7066666666666667,
      "f1-score": 0.6424242424242425,
      "support": 75.0
    },
    "deer": {
      "precision": 0.7341772151898734,
      "recall": 0.7733333333333333,
      "f1-score": 0.7532467532467533,
      "support": 75.0
    },
    "dog": {
      "precision": 0.7,
      "recall": 0.6533333333333333,
      "f1-score": 0.6758620689655173,
      "support": 75.0
    },
    "frog": {
      "precision": 0.863013698630137,
      "recall": 0.84,
      "f1-score": 0.8513513513513513,
      "support": 75.0
    },
    "horse": {
      "precision": 0.8266666666666667,
      "recall": 0.8266666666666667,
      "f1-score": 0.8266666666666667,
      "support": 75.0
    },
    "accuracy": 0.7466666666666667,
    "macro avg": {
      "precision": 0.7537117131498959,
      "recall": 0.7466666666666667,
      "f1-score": 0.7481135862395233,
      "support": 450.0
    },
    "weighted avg": {
      "precision": 0.7537117131498958,
      "recall": 0.7466666666666667,
      "f1-score": 0.7481135862395233,
      "support": 450.0
    }
  },
  "baselines": {
    "Norouzzadeh 2018 (Serengeti, expert-level)": 0.935,
    "Schneider 2020 (out-of-location, worst case)": 0.7
  }
}