{
  "test_accuracy": 0.7722222222222223,
  "precision_macro": 0.7739760080277321,
  "recall_macro": 0.7722222222222221,
  "f1_macro": 0.7714884795788942,
  "precision_weighted": 0.7739760080277321,
  "recall_weighted": 0.7722222222222223,
  "f1_weighted": 0.7714884795788942,
  "n_test": 180,
  "n_classes": 6,
  "class_names": [
    "bobcat",
    "coyote",
    "deer",
    "opossum",
    "rabbit",
    "raccoon"
  ],
  "per_class": {
    "bobcat": {
      "precision": 0.7,
      "recall": 0.7,
      "f1-score": 0.7,
      "support": 30.0
    },
    "coyote": {
      "precision": 0.7777777777777778,
      "recall": 0.7,
      "f1-score": 0.7368421052631579,
      "support": 30.0
    },
    "deer": {
      "precision": 0.875,
      "recall": 0.9333333333333333,
      "f1-score": 0.9032258064516129,
      "support": 30.0
    },
    "opossum": {
      "precision": 0.6857142857142857,
      "recall": 0.8,
      "f1-score": 0.7384615384615385,
      "support": 30.0
    },
    "rabbit": {
      "precision": 0.8275862068965517,
      "recall": 0.8,
      "f1-score": 0.8135593220338984,
      "support": 30.0
    },
    "raccoon": {
      "precision": 0.7777777777777778,
      "recall": 0.7,
      "f1-score": 0.7368421052631579,
      "support": 30.0
    },
    "accuracy": 0.7722222222222223,
    "macro avg": {
      "precision": 0.7739760080277321,
      "recall": 0.7722222222222221,
      "f1-score": 0.7714884795788942,
      "support": 180.0
    },
    "weighted avg": {
      "precision": 0.7739760080277321,
      "recall": 0.7722222222222223,
      "f1-score": 0.7714884795788942,
      "support": 180.0
    }
  },
  "baselines": {
    "Norouzzadeh 2018 (Serengeti, expert-level)": 0.935,
    "Schneider 2020 (out-of-location, worst case)": 0.7
  }
}