{
  "test_accuracy": 0.36797752808988765,
  "precision_macro": 0.35611386688976276,
  "recall_macro": 0.3600412877286143,
  "f1_macro": 0.35137592335496426,
  "precision_weighted": 0.3665789703220364,
  "recall_weighted": 0.36797752808988765,
  "f1_weighted": 0.36063809345890735,
  "n_test": 356,
  "n_classes": 6,
  "split_by": "location",
  "class_names": [
    "bobcat",
    "coyote",
    "deer",
    "opossum",
    "rabbit",
    "raccoon"
  ],
  "per_class": {
    "bobcat": {
      "precision": 0.2926829268292683,
      "recall": 0.25,
      "f1-score": 0.2696629213483146,
      "support": 48.0
    },
    "coyote": {
      "precision": 0.4111111111111111,
      "recall": 0.5362318840579711,
      "f1-score": 0.46540880503144655,
      "support": 69.0
    },
    "deer": {
      "precision": 0.4189189189189189,
      "recall": 0.4025974025974026,
      "f1-score": 0.4105960264900662,
      "support": 77.0
    },
    "opossum": {
      "precision": 0.37254901960784315,
      "recall": 0.25333333333333335,
      "f1-score": 0.30158730158730157,
      "support": 75.0
    },
    "rabbit": {
      "precision": 0.3188405797101449,
      "recall": 0.46808510638297873,
      "f1-score": 0.3793103448275862,
      "support": 47.0
    },
    "raccoon": {
      "precision": 0.3225806451612903,
      "recall": 0.25,
      "f1-score": 0.28169014084507044,
      "support": 40.0
    },
    "accuracy": 0.36797752808988765,
    "macro avg": {
      "precision": 0.35611386688976276,
      "recall": 0.3600412877286143,
      "f1-score": 0.35137592335496426,
      "support": 356.0
    },
    "weighted avg": {
      "precision": 0.3665789703220364,
      "recall": 0.36797752808988765,
      "f1-score": 0.36063809345890735,
      "support": 356.0
    }
  }
}