{
  "split_by": "location",
  "crop_to_bbox": true,
  "class_names": [
    "bobcat",
    "coyote",
    "deer",
    "opossum",
    "rabbit",
    "raccoon"
  ],
  "unseen_locations": {
    "n": 233,
    "accuracy": 0.5493562231759657,
    "accuracy_wilson_95ci": [
      0.4851824869105093,
      0.6119288313714142
    ],
    "balanced_accuracy": 0.5471564801021873,
    "f1_macro": 0.5480399407970172,
    "f1_macro_boot_95ci": [
      0.48290880942191494,
      0.6101642535934286
    ],
    "precision_macro": 0.5610339068506964,
    "recall_macro": 0.5471564801021873,
    "top2_accuracy": 0.6781115879828327,
    "top3_accuracy": 0.776824034334764,
    "expected_calibration_error": 0.13644298680862132,
    "mean_confidence": 0.685799241065979
  },
  "per_class": {
    "bobcat": {
      "precision": 0.4166666666666667,
      "recall": 0.4878048780487805,
      "f1": 0.449438202247191,
      "support": 41,
      "recall_wilson_95ci": [
        0.3425418723993569,
        0.6351574068413481
      ]
    },
    "coyote": {
      "precision": 0.4,
      "recall": 0.47368421052631576,
      "f1": 0.43373493975903615,
      "support": 38,
      "recall_wilson_95ci": [
        0.3247877880894159,
        0.6274128925728913
      ]
    },
    "deer": {
      "precision": 0.6511627906976745,
      "recall": 0.7777777777777778,
      "f1": 0.7088607594936709,
      "support": 36,
      "recall_wilson_95ci": [
        0.6191498017214091,
        0.882838070251604
      ]
    },
    "opossum": {
      "precision": 0.6666666666666666,
      "recall": 0.47058823529411764,
      "f1": 0.5517241379310345,
      "support": 34,
      "recall_wilson_95ci": [
        0.31451251633111366,
        0.6326355957994516
      ]
    },
    "rabbit": {
      "precision": 0.7317073170731707,
      "recall": 0.5882352941176471,
      "f1": 0.6521739130434783,
      "support": 51,
      "recall_wilson_95ci": [
        0.4516509274741746,
        0.7124580700751311
      ]
    },
    "raccoon": {
      "precision": 0.5,
      "recall": 0.48484848484848486,
      "f1": 0.49230769230769234,
      "support": 33,
      "recall_wilson_95ci": [
        0.32503781646924224,
        0.6478189541378976
      ]
    }
  },
  "seen_locations": {
    "n": 110,
    "accuracy": 0.7545454545454545,
    "accuracy_wilson_95ci": [
      0.6664346908368605,
      0.8254768775177656
    ],
    "balanced_accuracy": 0.7530443756449948,
    "f1_macro": 0.7477528184845258,
    "f1_macro_boot_95ci": [
      0.6605219474106275,
      0.8248053474398913
    ],
    "precision_macro": 0.7530075187969926,
    "recall_macro": 0.7530443756449948,
    "top2_accuracy": 0.9272727272727272,
    "top3_accuracy": 0.990909090909091,
    "expected_calibration_error": 0.09344030049714179,
    "mean_confidence": 0.7282832860946655
  },
  "seen_minus_unseen_accuracy": 0.20518923136948886
}