{
  "split_by": "location",
  "crop_to_bbox": true,
  "class_names": [
    "bobcat",
    "coyote",
    "deer",
    "opossum",
    "rabbit",
    "raccoon"
  ],
  "unseen_locations": {
    "n": 233,
    "accuracy": 0.5450643776824035,
    "accuracy_wilson_95ci": [
      0.48090925772382587,
      0.6077575980987999
    ],
    "balanced_accuracy": 0.5378618804013352,
    "f1_macro": 0.5415570390595185,
    "f1_macro_boot_95ci": [
      0.4804580356878519,
      0.6004668871101646
    ],
    "precision_macro": 0.5516964136081783,
    "recall_macro": 0.5378618804013352,
    "top2_accuracy": 0.6866952789699571,
    "top3_accuracy": 0.7982832618025751,
    "expected_calibration_error": 0.14959518630617166,
    "mean_confidence": 0.6946595907211304
  },
  "per_class": {
    "bobcat": {
      "precision": 0.4358974358974359,
      "recall": 0.4146341463414634,
      "f1": 0.425,
      "support": 41,
      "recall_wilson_95ci": [
        0.2775633082533015,
        0.5663316464316339
      ]
    },
    "coyote": {
      "precision": 0.4222222222222222,
      "recall": 0.5,
      "f1": 0.4578313253012048,
      "support": 38,
      "recall_wilson_95ci": [
        0.3484967553286069,
        0.6515032446713931
      ]
    },
    "deer": {
      "precision": 0.6470588235294118,
      "recall": 0.6111111111111112,
      "f1": 0.6285714285714286,
      "support": 36,
      "recall_wilson_95ci": [
        0.4486417029674347,
        0.7521534458217705
      ]
    },
    "opossum": {
      "precision": 0.68,
      "recall": 0.5,
      "f1": 0.576271186440678,
      "support": 34,
      "recall_wilson_95ci": [
        0.34069062628048985,
        0.6593093737195102
      ]
    },
    "rabbit": {
      "precision": 0.625,
      "recall": 0.6862745098039216,
      "f1": 0.6542056074766355,
      "support": 51,
      "recall_wilson_95ci": [
        0.5497274248374967,
        0.7967249033221485
      ]
    },
    "raccoon": {
      "precision": 0.5,
      "recall": 0.5151515151515151,
      "f1": 0.5074626865671642,
      "support": 33,
      "recall_wilson_95ci": [
        0.3521810458621024,
        0.6749621835307578
      ]
    }
  },
  "seen_locations": {
    "n": 110,
    "accuracy": 0.7181818181818181,
    "accuracy_wilson_95ci": [
      0.627848700681053,
      0.793789786480055
    ],
    "balanced_accuracy": 0.7187851163857357,
    "f1_macro": 0.7149619978567348,
    "f1_macro_boot_95ci": [
      0.6168309597178122,
      0.7943174708344117
    ],
    "precision_macro": 0.7214171793119162,
    "recall_macro": 0.7187851163857357,
    "top2_accuracy": 0.8909090909090909,
    "top3_accuracy": 0.9363636363636364,
    "expected_calibration_error": 0.12752222635529256,
    "mean_confidence": 0.7246090173721313
  },
  "seen_minus_unseen_accuracy": 0.1731174404994147
}