{
  "test_accuracy": 0.5536480686695279,
  "precision_macro": 0.5860859670080981,
  "recall_macro": 0.5422116785667341,
  "f1_macro": 0.5517357649274399,
  "precision_weighted": 0.5784575397866047,
  "recall_weighted": 0.5536480686695279,
  "f1_weighted": 0.5546407808049386,
  "n_test": 233,
  "n_classes": 6,
  "split_by": "location",
  "class_names": [
    "bobcat",
    "coyote",
    "deer",
    "opossum",
    "rabbit",
    "raccoon"
  ],
  "per_class": {
    "bobcat": {
      "precision": 0.41818181818181815,
      "recall": 0.5609756097560976,
      "f1-score": 0.4791666666666667,
      "support": 41.0
    },
    "coyote": {
      "precision": 0.38095238095238093,
      "recall": 0.42105263157894735,
      "f1-score": 0.4,
      "support": 38.0
    },
    "deer": {
      "precision": 0.8125,
      "recall": 0.7222222222222222,
      "f1-score": 0.7647058823529411,
      "support": 36.0
    },
    "opossum": {
      "precision": 0.72,
      "recall": 0.5294117647058824,
      "f1-score": 0.6101694915254238,
      "support": 34.0
    },
    "rabbit": {
      "precision": 0.5737704918032787,
      "recall": 0.6862745098039216,
      "f1-score": 0.625,
      "support": 51.0
    },
    "raccoon": {
      "precision": 0.6111111111111112,
      "recall": 0.3333333333333333,
      "f1-score": 0.43137254901960786,
      "support": 33.0
    },
    "accuracy": 0.5536480686695279,
    "macro avg": {
      "precision": 0.5860859670080981,
      "recall": 0.5422116785667341,
      "f1-score": 0.5517357649274399,
      "support": 233.0
    },
    "weighted avg": {
      "precision": 0.5784575397866047,
      "recall": 0.5536480686695279,
      "f1-score": 0.5546407808049386,
      "support": 233.0
    }
  }
}